timestamp,symbol,balance,long,short,account_value,price
1732665637880000,BTCUSDT,990795.0,0.1,0,1000000.14,92051.4
1732665647880000,BTCUSDT,1000001.0,0.0,0,1000001.0,92051.7
1732665673109000,BTCUSDT,990788.0,0.1,0,1000000.98,92129.8
1732665673555000,BTCUSDT,981576.0,0.2,0,999999.8,92119.0
1732665652004000,BTCUSDT,972365.0,0.30000000000000004,0,999996.5,92105.0
1732665674093000,BTCUSDT,963155.0,0.4,0,999996.2,92103.0
1732665674832000,BTCUSDT,953947.0,0.5,0,999984.85,92075.70000000001
1732665682629000,BTCUSDT,944740.0,0.6,0,999981.64,92069.4
1732665647880000,BTCUSDT,935534.0,0.7,0,999972.5,92055.0
1732665683478000,BTCUSDT,926329.0,0.7999999999999999,0,999962.6799999999,92042.1
1732665684451000,BTCUSDT,917125.0,0.8999999999999999,0,999962.08,92041.2
1732665691892000,BTCUSDT,912523.5,0.9499999999999997,0,999958.0325,92036.35
1732665691892000,BTCUSDT,912063.35,0.9549999999999997,0,999958.0642499999,92036.35
1732665691892000,BTCUSDT,911603.2,0.9599999999999997,0,999958.0959999999,92036.35
1732665691892000,BTCUSDT,909762.6,0.9799999999999998,0,999958.223,92036.35
1732665691892000,BTCUSDT,909302.45,0.9849999999999998,0,999958.25475,92036.35
1732665691892000,BTCUSDT,908842.2999999999,0.9899999999999998,0,999958.2864999999,92036.35
1732665691892000,BTCUSDT,907921.9999999999,0.9999999999999999,0,999956.7499999999,92034.75
1732665702206000,BTCUSDT,898722.9999999999,1.0999999999999999,0,999910.4049999998,91988.54999999999
1732665702504000,BTCUSDT,907922.9999999999,0.9999999999999999,0,999943.0999999999,92020.1
1732665702763000,BTCUSDT,898720.9999999999,1.0999999999999999,0,999946.9049999999,92023.55
1732665703058000,BTCUSDT,907923.9999999999,0.9999999999999999,0,999959.6999999998,92035.7
1732665703058000,BTCUSDT,917127.9999999999,0.8999999999999999,0,999965.2149999999,92041.35
1732665703058000,BTCUSDT,926332.9999999999,0.7999999999999999,0,999976.9999999999,92055.0
1732665722105000,BTCUSDT,917128.9999999999,0.8999999999999999,0,999967.2499999999,92042.5
1732665728130000,BTCUSDT,907925.9999999999,0.9999999999999999,0,999960.6499999999,92034.65
1732665735683000,BTCUSDT,898723.9999999999,1.0999999999999999,0,999944.8999999999,92019.0
1732665736064000,BTCUSDT,907926.9999999999,0.9999999999999999,0,999962.5499999998,92035.55
1732665736204000,BTCUSDT,917130.9999999999,0.8999999999999999,0,999969.565,92042.85
1732665737326000,BTCUSDT,907927.9999999999,0.9999999999999999,0,999956.2499999999,92028.25
1732665738087000,BTCUSDT,898725.9999999999,1.0999999999999999,0,999952.0149999999,92023.65
1732665749740000,BTCUSDT,889524.9999999999,1.2,0,999936.0999999999,92009.25
1732665756198000,BTCUSDT,889432.9999999999,1.2009999999999998,0,999932.3260999998,92006.1
1732665756198000,BTCUSDT,888881.0000000001,1.2069999999999976,0,999932.3626999999,92006.1
1732665756198000,BTCUSDT,880324.9999999999,1.2999999999999998,0,999931.4349999998,92004.95
1732665756897000,BTCUSDT,889525.9999999999,1.1999999999999997,0,999934.2799999998,92006.9
1732665774393000,BTCUSDT,880325.9999999999,1.2999999999999998,0,999925.4799999999,91999.6
1732665804473000,BTCUSDT,871126.9999999999,1.4,0,999918.5999999999,91994.0
1732665807227000,BTCUSDT,861928.9999999999,1.5,0,999906.3499999999,91984.9
1732665814386000,BTCUSDT,852731.9999999999,1.6,0,999891.2799999999,91974.55
1732665839334000,BTCUSDT,843535.9999999999,1.7000000000000002,0,999875.7349999999,91964.55
1732665847502000,BTCUSDT,834340.9999999999,1.8000000000000003,0,999859.9099999999,91954.95
1732665848157000,BTCUSDT,825146.9999999999,1.9000000000000004,0,999838.9849999999,91943.15
1732665856394000,BTCUSDT,815953.9999999999,2.0000000000000004,0,999820.7,91933.35
1732665864238000,BTCUSDT,806761.9999999999,2.1000000000000005,0,999803.9749999999,91924.75
1732665870851000,BTCUSDT,797570.9999999999,2.2000000000000006,0,999767.3899999999,91907.45
1732665870939000,BTCUSDT,788380.9999999999,2.3000000000000007,0,999756.635,91902.45
1732665880519000,BTCUSDT,779191.9999999999,2.400000000000001,0,999739.52,91894.8
1732665890027000,BTCUSDT,788381.9999999999,2.3000000000000007,0,999763.5,91905.0
1732665890220000,BTCUSDT,797572.9999999999,2.2000000000000006,0,999786.22,91915.1
1732665897565000,BTCUSDT,788383.9999999999,2.3000000000000007,0,999732.4949999999,91890.65
1732665906327000,BTCUSDT,797573.9999999999,2.2000000000000006,0,999765.22,91905.1
1732665910938000,BTCUSDT,788383.9999999999,2.3000000000000007,0,999751.7,91899.0
1732665954486000,BTCUSDT,797574.9999999999,2.2000000000000006,0,999764.57,91904.35
1732665961570000,BTCUSDT,806766.9999999999,2.1000000000000005,0,999796.8999999999,91919.0
1732665961570000,BTCUSDT,815959.9999999999,2.0000000000000004,0,999797.9999999999,91919.0
1732665962064000,BTCUSDT,820556.9999999999,1.9500000000000004,0,999889.5299999999,91965.4
1732665962064000,BTCUSDT,825153.9999999999,1.9000000000000004,0,999888.2599999999,91965.4
1732665962064000,BTCUSDT,834348.9999999999,1.8000000000000003,0,999886.7199999999,91965.4
1732665962064000,BTCUSDT,843544.9999999999,1.7000000000000002,0,999886.1799999999,91965.4
1732665962064000,BTCUSDT,852741.9999999999,1.6,0,999886.6399999999,91965.4
1732665962064000,BTCUSDT,861939.9999999999,1.5,0,999888.0999999999,91965.4
1732665962064000,BTCUSDT,871138.9999999999,1.4,0,999890.5599999998,91965.4
1732665962064000,BTCUSDT,880338.9999999999,1.2999999999999998,0,999894.0199999999,91965.4
1732665962064000,BTCUSDT,889539.9999999999,1.1999999999999997,0,999898.4799999999,91965.4
1732665963610000,BTCUSDT,889632.0199999999,1.1989999999999998,0,999952.9092499999,92010.75
1732665963610000,BTCUSDT,898741.9999999999,1.0999999999999999,0,999953.8249999998,92010.75
1732665970084000,BTCUSDT,907944.9999999999,0.9999999999999999,0,999966.9499999998,92021.95
1732665971671000,BTCUSDT,917148.9999999999,0.8999999999999999,0,999978.2949999999,92032.55
1732665974312000,BTCUSDT,926353.9999999999,0.7999999999999999,0,999989.3599999999,92044.2
1732665974312000,BTCUSDT,930956.9999999999,0.7499999999999999,0,999991.3499999999,92045.8
1732665974312000,BTCUSDT,935559.9999999999,0.6999999999999998,0,999992.0599999998,92045.8
1732665974312000,BTCUSDT,944766.9999999999,0.5999999999999999,0,999997.0899999999,92050.15
1732665974312000,BTCUSDT,953974.9999999999,0.4999999999999999,0,1000004.8999999999,92059.8
1732665974312000,BTCUSDT,963183.9999999999,0.3999999999999999,0,1000008.0199999999,92060.05
1732665974312000,BTCUSDT,972394.9999999999,0.29999999999999993,0,1000016.4799999999,92071.6
1732665974312000,BTCUSDT,981606.9999999999,0.19999999999999993,0,1000022.3999999999,92077.0
1732665974312000,BTCUSDT,990819.9999999999,0.09999999999999992,0,1000028.0649999998,92080.65
1732665974312000,BTCUSDT,1000033.9999999999,-8.326672684688674e-17,0,1000033.9999999999,92086.35
1732666001466000,BTCUSDT,990811.9999999999,0.09999999999999992,0,1000034.4799999999,92224.8
1732666007246000,BTCUSDT,1000034.9999999999,-8.326672684688674e-17,0,1000034.9999999999,92229.9
1732666007247000,BTCUSDT,995423.9999999999,0.04999999999999992,0,1000035.2499999999,92225.0
1732666007247000,BTCUSDT,995331.7799999999,0.05099999999999992,0,1000035.2549999999,92225.0
1732666053506000,BTCUSDT,990812.9999999999,0.09999999999999992,0,1000035.4949999999,92224.95
1732666055389000,BTCUSDT,981591.9999999999,0.19999999999999993,0,1000034.9999999999,92215.0
1732666089768000,BTCUSDT,990813.9999999999,0.09999999999999992,0,1000036.0399999999,92220.4
1732666089768000,BTCUSDT,1000036.9999999999,-8.326672684688674e-17,0,1000036.9999999999,92220.4
1732666092147000,BTCUSDT,990813.9999999999,0.09999999999999992,0,1000036.4199999999,92224.2
1732666103312000,BTCUSDT,1000037.9999999999,-8.326672684688674e-17,0,1000037.9999999999,92236.29999999999
1732666121198000,BTCUSDT,990809.9999999999,0.09999999999999992,0,1000037.9749999999,92279.75
1732666181784000,BTCUSDT,1000038.9999999999,-8.326672684688674e-17,0,1000038.9999999999,92283.1
1732666201852000,BTCUSDT,990807.9999999999,0.09999999999999992,0,1000039.1449999999,92311.45
1732666209487000,BTCUSDT,1000039.9999999999,-8.326672684688674e-17,0,1000039.9999999999,92319.85
1732666210165000,BTCUSDT,990796.9999999999,0.09999999999999992,0,1000040.0099999999,92430.1
1732666214650000,BTCUSDT,981554.9999999999,0.19999999999999993,0,1000039.9899999999,92424.95
1732666215189000,BTCUSDT,990797.9999999999,0.09999999999999992,0,1000041.0249999999,92430.25
1732666215199000,BTCUSDT,1000041.9999999999,-8.326672684688674e-17,0,1000041.9999999999,92439.95
1732666218011000,BTCUSDT,990796.9999999999,0.09999999999999992,0,1000042.0149999999,92450.15
1732666219734000,BTCUSDT,981552.9999999999,0.19999999999999993,0,1000041.1899999998,92440.95
1732666222713000,BTCUSDT,990797.9999999999,0.09999999999999992,0,1000042.7149999999,92447.15
1732666256345000,BTCUSDT,1000043.9999999999,-8.326672684688674e-17,0,1000043.9999999999,92459.8
1732666263748000,BTCUSDT,990798.9999999999,0.09999999999999992,0,1000044.2049999998,92452.05
1732666263748000,BTCUSDT,990706.5599999997,0.10100000000000138,0,1000044.0099999998,92450.0
1732666263748000,BTCUSDT,990614.1199999998,0.10200000000000138,0,1000044.0199999999,92450.0
1732666263748000,BTCUSDT,990336.7999999998,0.10500000000000138,0,1000044.0499999999,92450.0
1732666263748000,BTCUSDT,990059.4799999999,0.10800000000000139,0,1000044.08,92450.0
1732666263748000,BTCUSDT,989782.1599999999,0.11100000000000139,0,1000044.1100000001,92450.0
1732666263748000,BTCUSDT,989504.84,0.11400000000000139,0,1000044.1400000001,92450.0
1732666263748000,BTCUSDT,989227.52,0.1170000000000014,0,1000044.1700000002,92450.0
1732666263748000,BTCUSDT,988950.2000000001,0.1200000000000014,0,1000044.2000000002,92450.0
1732666263748000,BTCUSDT,988857.7600000001,0.1210000000000014,0,1000044.2100000003,92450.0
1732666222713000,BTCUSDT,983218.9200000003,0.18199999999999994,0,1000043.9100000003,92445.0
1732666263748000,BTCUSDT,981555.0000000002,0.19999999999999996,0,1000043.9600000002,92444.8
1732666215202000,BTCUSDT,979429.1100000002,0.22299999999999995,0,1000041.5352000002,92432.4
1732666215202000,BTCUSDT,976656.2100000002,0.25299999999999995,0,1000041.6072000002,92432.4
1732666215202000,BTCUSDT,976563.7800000001,0.25399999999999995,0,1000041.6096000001,92432.4
1732666284247000,BTCUSDT,972312.0000000001,0.29999999999999993,0,1000041.5700000001,92431.9
1732666384687000,BTCUSDT,963070.0000000001,0.3999999999999999,0,1000039.9600000001,92424.9
1732666391231000,BTCUSDT,972313.0000000001,0.29999999999999993,0,1000044.0250000001,92436.75
1732666394772000,BTCUSDT,981557.0000000001,0.19999999999999993,0,1000045.7700000001,92443.85
1732666395213000,BTCUSDT,990802.0000000001,0.09999999999999992,0,1000047.5000000001,92455.0
1732666395228000,BTCUSDT,1000048.0000000001,-8.326672684688674e-17,0,1000048.0000000001,92460.4
1732666395931000,BTCUSDT,990802.0000000001,0.09999999999999992,0,1000048.0300000001,92460.29999999999
1732666418830000,BTCUSDT,981557.0000000001,0.19999999999999993,0,1000046.7400000001,92448.70000000001
1732666434674000,BTCUSDT,990803.0000000001,0.09999999999999992,0,1000048.4650000001,92454.65
1732666434674000,BTCUSDT,1000050.0000000001,-8.326672684688674e-17,0,1000050.0000000001,92459.0
1732666434683000,BTCUSDT,990804.0000000001,0.09999999999999992,0,1000049.5000000001,92455.0
1732666459421000,BTCUSDT,981559.0000000001,0.19999999999999993,0,1000049.81,92454.05
1732666469206000,BTCUSDT,990805.0000000001,0.09999999999999992,0,1000051.3650000001,92463.65
1732666470747000,BTCUSDT,1000052.0000000001,-8.326672684688674e-17,0,1000052.0000000001,92471.25
1732666597516000,BTCUSDT,999867.0200000001,0.0019999999999999168,0,1000052.0197000002,92499.85
1732666597516000,BTCUSDT,994595.0899999999,0.059000000000002883,0,1000052.5811500001,92499.85
1732666471644000,BTCUSDT,994410.1100000001,0.060999999999999915,0,1000052.305,92495.0
1732666471644000,BTCUSDT,994317.6200000001,0.061999999999999916,0,1000052.31,92495.0
1732666471644000,BTCUSDT,993392.7200000001,0.07199999999999991,0,1000052.3600000001,92495.0
1732666597516000,BTCUSDT,990803.0000000001,0.09999999999999992,0,1000052.5000000001,92495.0
1732666644637000,BTCUSDT,981555.0000000001,0.19999999999999993,0,1000051.9300000002,92484.65
1732666660882000,BTCUSDT,973325.1699999998,0.28900000000000353,0,1000051.8900000001,92480.0
1732666660882000,BTCUSDT,972308.0000000001,0.29999999999999993,0,1000050.5000000001,92475.0
1732666683114000,BTCUSDT,963062.0000000001,0.3999999999999999,0,1000047.6600000001,92464.15
1732666689437000,BTCUSDT,953817.0000000001,0.4999999999999999,0,1000044.0250000001,92454.05
1732666731264000,BTCUSDT,944573.0000000001,0.5999999999999999,0,1000039.8800000001,92444.8
1732666755907000,BTCUSDT,935330.0000000001,0.6999999999999998,0,1000032.6450000001,92432.35
1732666761746000,BTCUSDT,926088.0000000001,0.7999999999999998,0,1000027.9600000001,92424.95
1732666948425000,BTCUSDT,935331.0000000001,0.6999999999999998,0,1000035.5350000001,92435.05
1732666965476000,BTCUSDT,944575.0000000001,0.5999999999999999,0,1000043.6800000002,92447.8
1732666965476000,BTCUSDT,953820.0000000001,0.4999999999999999,0,1000047.5000000001,92455.0
1732666971473000,BTCUSDT,963066.0000000001,0.3999999999999999,0,1000052.4800000001,92466.2
1732666986196000,BTCUSDT,953821.0000000001,0.4999999999999999,0,1000048.2500000001,92454.5
1732666986199000,BTCUSDT,944577.0000000001,0.5999999999999999,0,1000036.8300000001,92433.04999999999
1732666995721000,BTCUSDT,953822.0000000001,0.4999999999999999,0,1000047.3250000001,92450.65
1732667041219000,BTCUSDT,944578.0000000001,0.5999999999999999,0,1000042.0300000001,92440.05
1732667064398000,BTCUSDT,935335.0000000001,0.6999999999999998,0,1000039.0450000002,92434.35
1732667069138000,BTCUSDT,926093.0000000001,0.7999999999999998,0,1000031.2400000001,92422.8
1732667090197000,BTCUSDT,916852.0000000001,0.8999999999999998,0,1000025.4550000001,92414.95
1732667231677000,BTCUSDT,907612.0000000001,0.9999999999999998,0,1000016.9500000001,92404.95
1732667328050000,BTCUSDT,898373.0000000001,1.0999999999999999,0,1000006.4000000001,92394.0
1732667470436000,BTCUSDT,889135.0000000001,1.2,0,999996.8800000001,92384.9
1732667522096000,BTCUSDT,879898.0000000001,1.3,0,999984.4600000001,92374.2
1732667544869000,BTCUSDT,870662.0000000001,1.4000000000000001,0,999972.6500000001,92364.75
1732667557773000,BTCUSDT,861427.0000000001,1.5000000000000002,0,999958.0000000001,92354.0
1732667581068000,BTCUSDT,852193.0000000001,1.6000000000000003,0,999944.6000000001,92344.75
1732667599827000,BTCUSDT,842960.0000000001,1.7000000000000004,0,999929.1600000001,92334.8
1732667641880000,BTCUSDT,833728.0000000001,1.8000000000000005,0,999912.6400000001,92324.8
1732667646324000,BTCUSDT,831327.9400000001,1.8260000000000005,0,999904.2600000001,92320.0
1732667646324000,BTCUSDT,831235.63,1.8270000000000004,0,999904.27,92320.0
1732667646324000,BTCUSDT,831143.32,1.8280000000000003,0,999904.28,92320.0
1732667646324000,BTCUSDT,826527.82,1.8780000000000003,0,999904.78,92320.0
1732667646324000,BTCUSDT,826343.2,1.8800000000000003,0,999904.8,92320.0
1732667646324000,BTCUSDT,826158.5799999993,1.8820000000000074,0,999904.82,92320.0
1732667646324000,BTCUSDT,824496.9999999999,1.9000000000000004,0,999895.4999999999,92315.0
1732666201916000,BTCUSDT,820528.0999999999,1.9430000000000003,0,999876.7149999999,92305.0
1732666201916000,BTCUSDT,815543.8999999999,1.9970000000000003,0,999876.9849999999,92305.0
1732667646425000,BTCUSDT,815266.9999999999,2.0000000000000004,0,999876.9999999999,92305.0
1732667650392000,BTCUSDT,806037.9999999999,2.1000000000000005,0,999857.08,92294.8
1732667652406000,BTCUSDT,803823.2799999979,2.1240000000000223,0,999847.24,92290.0
1732666181793000,BTCUSDT,801423.9999999999,2.150000000000001,0,999836.75,92285.0
1732667652406000,BTCUSDT,796809.9999999999,2.2000000000000006,0,999834.36,92283.8
1732666121206000,BTCUSDT,791827.4199999999,2.2540000000000004,0,999815.27,92275.0
1732667652410000,BTCUSDT,787582.9999999999,2.3000000000000003,0,999815.2699999999,92274.9
1732667689743000,BTCUSDT,778356.9999999999,2.4000000000000004,0,999792.1599999999,92264.65
1732667708176000,BTCUSDT,769131.9999999999,2.5000000000000004,0,999768.5,92254.6
1732667775567000,BTCUSDT,759907.9999999999,2.6000000000000005,0,999742.5299999999,92244.05
1732667793769000,BTCUSDT,750685.9999999999,2.7000000000000006,0,999692.69,92224.7
1732667794784000,BTCUSDT,748749.7999999999,2.7210000000000005,0,999666.815,92215.0
1732667794784000,BTCUSDT,746721.399999998,2.743000000000021,0,999667.145,92215.0
1732666072216000,BTCUSDT,742111.3999999999,2.7930000000000006,0,999639.965,92205.0
1732667794784000,BTCUSDT,741465.9999999999,2.8000000000000007,0,999640.0,92205.0
1732667917347000,BTCUSDT,750686.9999999999,2.7000000000000006,0,999681.0,92220.0
1732667933343000,BTCUSDT,759909.9999999999,2.6000000000000005,0,999684.5999999999,92221.0
1732667937519000,BTCUSDT,750686.9999999999,2.7000000000000006,0,999694.23,92224.9
1732667958009000,BTCUSDT,741464.9999999999,2.8000000000000007,0,999683.38,92220.85
1732667958009000,BTCUSDT,732243.9999999999,2.900000000000001,0,999666.195,92214.55
1732667960561000,BTCUSDT,723023.9999999999,3.000000000000001,0,999633.75,92203.25
1732665975944000,BTCUSDT,722931.8099999999,3.001000000000001,0,999609.005,92195.0
1732665975944000,BTCUSDT,715095.6599999999,3.0860000000000007,0,999609.4299999999,92195.0
1732665975944000,BTCUSDT,714081.57,3.097000000000001,0,999609.4850000001,92195.0
1732668051838000,BTCUSDT,713805.0,3.100000000000001,0,999609.5000000001,92195.0
1732668065762000,BTCUSDT,723025.0,3.000000000000001,0,999646.0,92207.0
1732668085458000,BTCUSDT,713806.0,3.100000000000001,0,999596.7050000001,92190.54999999999
1732668127229000,BTCUSDT,704588.0,3.200000000000001,0,999579.68,92184.9
1732668165419000,BTCUSDT,695371.0,3.300000000000001,0,999544.3750000001,92173.75
1732668190914000,BTCUSDT,686155.0,3.4000000000000012,0,999514.6400000001,92164.6
1732668234446000,BTCUSDT,676940.0,3.5000000000000013,0,999481.2750000001,92154.65
1732668261523000,BTCUSDT,667726.0,3.6000000000000014,0,999447.1000000001,92144.75
1732668270682000,BTCUSDT,658513.0,3.7000000000000015,0,999411.9450000002,92134.85
1732668305847000,BTCUSDT,649301.0,3.8000000000000016,0,999375.81,92124.95
1732668332183000,BTCUSDT,640090.0,3.9000000000000017,0,999337.3300000001,92114.7
1732668386202000,BTCUSDT,636405.9999999986,3.940000000000017,0,999319.4000000001,92110.0
1732665974323000,BTCUSDT,635116.6,3.954000000000002,0,999299.7700000001,92105.0
1732665974323000,BTCUSDT,632445.7,3.983000000000002,0,999299.9150000002,92105.0
1732668386206000,BTCUSDT,630880.0,4.000000000000002,0,999297.6000000001,92104.4
1732668413466000,BTCUSDT,621671.0,4.100000000000001,0,999259.4750000001,92094.75
1732668422688000,BTCUSDT,612463.0,4.200000000000001,0,999218.9500000001,92084.75
1732668501738000,BTCUSDT,603256.0,4.300000000000001,0,999169.9000000001,92073.0
1732668501900000,BTCUSDT,594050.0,4.4,0,999123.9,92062.25
1732668533288000,BTCUSDT,584845.0,4.5,0,999089.3500000001,92054.3
1732668645827000,BTCUSDT,579506.6799999983,4.5580000000000185,0,999053.0316999999,92046.15
1732668563060000,BTCUSDT,579138.52,4.562,0,999047.81,92045.0
1732668645827000,BTCUSDT,575641.0,4.6000000000000005,0,999048.0,92045.0
1732668656714000,BTCUSDT,575548.97,4.601000000000001,0,999025.01,92040.0
1732668656714000,BTCUSDT,575364.9099999999,4.603000000000001,0,999025.03,92040.0
1732668656714000,BTCUSDT,573340.2499999983,4.625000000000019,0,999025.25,92040.0
1732668656807000,BTCUSDT,571039.4999999983,4.650000000000019,0,999025.5,92040.0
1732668656807000,BTCUSDT,570855.4399999982,4.652000000000019,0,999025.5199999999,92040.0
1732665971671000,BTCUSDT,570395.2899999998,4.657000000000001,0,999002.2849999999,92035.0
1732665971671000,BTCUSDT,570303.2599999998,4.658000000000001,0,999002.2899999998,92035.0
1732665971671000,BTCUSDT,570211.2299999997,4.659000000000002,0,999002.2949999999,92035.0
1732665971671000,BTCUSDT,568738.7499999998,4.675000000000002,0,999002.375,92035.0
1732668656908000,BTCUSDT,566437.9999999998,4.700000000000002,0,999001.325,92034.75
1732668680764000,BTCUSDT,557235.9999999998,4.800000000000002,0,998951.44,92024.05
1732665963995000,BTCUSDT,557051.9799999997,4.802000000000001,0,998908.0099999999,92015.0
1732665963995000,BTCUSDT,556039.8699999998,4.8130000000000015,0,998908.065,92015.0
1732668710829000,BTCUSDT,548034.9999999998,4.900000000000001,0,998908.0099999998,92014.9
1732665962419000,BTCUSDT,546470.9999999998,4.917000000000002,0,998859.585,92005.0
1732665962419000,BTCUSDT,546378.9999999998,4.918000000000002,0,998859.59,92005.0
1732665962419000,BTCUSDT,545734.9999999998,4.925000000000002,0,998859.625,92005.0
1732668764063000,BTCUSDT,538834.9999999998,5.000000000000002,0,998860.0,92005.0
1732668777227000,BTCUSDT,529635.9999999998,5.100000000000001,0,998807.95,91994.5
1732668804033000,BTCUSDT,520437.99999999977,5.200000000000001,0,998753.2399999999,91983.7
1732668845829000,BTCUSDT,529636.9999999998,5.100000000000001,0,998811.4999999999,91995.0
1732668846105000,BTCUSDT,538836.9999999998,5.000000000000002,0,998862.0,92005.0
1732668850652000,BTCUSDT,548037.9999999998,4.900000000000002,0,998914.9299999999,92015.7
1732668852718000,BTCUSDT,557239.9999999998,4.8000000000000025,0,998961.44,92025.3
1732668872698000,BTCUSDT,548038.9999999998,4.900000000000002,0,998910.2949999999,92014.55
1732668875654000,BTCUSDT,538838.9999999998,5.000000000000002,0,998840.9999999999,92000.4
1732668879817000,BTCUSDT,548039.9999999998,4.900000000000002,0,998915.215,92015.35
1732668880330000,BTCUSDT,557241.9999999998,4.8000000000000025,0,998948.8,92022.25
1732668893250000,BTCUSDT,566444.9999999998,4.700000000000003,0,999012.79,92035.7
1732668898047000,BTCUSDT,575648.9999999998,4.600000000000003,0,999056.0,92045.0
1732668912247000,BTCUSDT,566445.9999999998,4.700000000000003,0,998982.065,92028.95
1732668946067000,BTCUSDT,575649.9999999998,4.600000000000003,0,999031.24,92039.4
1732668962000000,BTCUSDT,576570.4999999998,4.590000000000003,0,999061.8695,92046.04999999999
1732668962000000,BTCUSDT,576662.5499999998,4.589000000000003,0,999061.8734500001,92046.04999999999
1732668962000000,BTCUSDT,584854.9999999998,4.500000000000003,0,999062.225,92046.04999999999
1732668962000000,BTCUSDT,594060.9999999998,4.400000000000003,0,999081.22,92050.04999999999
1732668962000000,BTCUSDT,594153.0699999997,4.399000000000003,0,999187.9157,92074.3
1732668962000000,BTCUSDT,594337.2099999997,4.397000000000003,0,999187.9071,92074.3
1732668962000000,BTCUSDT,603267.9999999998,4.3000000000000025,0,999187.49,92074.3
1732668969033000,BTCUSDT,612475.9999999998,4.200000000000003,0,999204.02,92078.1
1732668970127000,BTCUSDT,621684.9999999998,4.100000000000003,0,999278.805,92096.05
1732668970686000,BTCUSDT,630894.9999999998,4.0000000000000036,0,999315.0000000001,92105.0
1732668973026000,BTCUSDT,640105.9999999998,3.9000000000000035,0,999354.8900000001,92115.1
1732668974309000,BTCUSDT,649317.9999999998,3.8000000000000034,0,999393.0,92125.0
1732668976740000,BTCUSDT,640106.9999999998,3.9000000000000035,0,999324.1050000001,92106.95
1732669053762000,BTCUSDT,630896.9999999998,4.0000000000000036,0,999302.4000000001,92101.35
1732669055182000,BTCUSDT,621687.9999999998,4.100000000000003,0,999273.6050000001,92094.05
1732669057506000,BTCUSDT,612479.9999999998,4.200000000000003,0,999225.8700000001,92082.35
1732669082583000,BTCUSDT,603272.9999999998,4.3000000000000025,0,999172.925,92069.75
1732669083169000,BTCUSDT,594066.9999999998,4.400000000000002,0,999151.8999999999,92064.75
1732669103047000,BTCUSDT,584861.9999999998,4.500000000000002,0,999105.0,92054.0
1732669103236000,BTCUSDT,575657.9999999998,4.600000000000001,0,999056.26,92043.1
1732669147347000,BTCUSDT,566454.9999999998,4.700000000000001,0,999015.2699999999,92034.1
1732669238567000,BTCUSDT,575658.9999999998,4.600000000000001,0,999041.8499999999,92039.75
1732669243476000,BTCUSDT,566455.9999999998,4.700000000000001,0,998980.0799999998,92026.4
1732669259229000,BTCUSDT,575659.9999999998,4.600000000000001,0,999020.5399999998,92034.9
1732669266372000,BTCUSDT,581275.0499999998,4.5390000000000015,0,999081.3759,92048.1
1732669266372000,BTCUSDT,584864.9999999998,4.500000000000002,0,999081.45,92048.1
1732669266389000,BTCUSDT,594070.9999999998,4.400000000000002,0,999092.76,92050.4
1732669287683000,BTCUSDT,603277.9999999998,4.3000000000000025,0,999200.7150000001,92075.05
1732669293914000,BTCUSDT,612485.9999999998,4.200000000000003,0,999243.0,92085.0
1732669295547000,BTCUSDT,621694.9999999998,4.100000000000003,0,999290.0350000001,92096.35
1732669298016000,BTCUSDT,630904.9999999998,4.0000000000000036,0,999325.0000000001,92105.0
1732669298266000,BTCUSDT,640115.9999999998,3.9000000000000035,0,999353.7750000001,92112.25
1732669299639000,BTCUSDT,649327.9999999998,3.8000000000000034,0,999393.8800000001,92122.6
1732669302077000,BTCUSDT,658540.9999999998,3.7000000000000033,0,999422.3700000001,92130.1
1732669306046000,BTCUSDT,667754.9999999998,3.600000000000003,0,999477.72,92145.2
1732669306510000,BTCUSDT,676969.9999999998,3.500000000000003,0,999512.5,92155.0
1732669311112000,BTCUSDT,686185.9999999998,3.400000000000003,0,999547.0,92165.0
1732669314784000,BTCUSDT,695402.9999999998,3.300000000000003,0,999580.5,92175.0
1732669316324000,BTCUSDT,704620.9999999998,3.200000000000003,0,999613.0,92185.0
1732669321057000,BTCUSDT,713839.9999999998,3.1000000000000028,0,999632.1000000001,92191.0
1732669330026000,BTCUSDT,704621.9999999998,3.200000000000003,0,999604.56,92182.04999999999
1732669350350000,BTCUSDT,695404.9999999998,3.300000000000003,0,999575.405,92172.85
1732669353951000,BTCUSDT,686188.9999999998,3.400000000000003,0,999544.56,92163.4
1732669356067000,BTCUSDT,676973.9999999998,3.500000000000003,0,999495.15,92148.9
1732669356068000,BTCUSDT,667759.9999999998,3.600000000000003,0,999458.6000000001,92138.5
1732669356076000,BTCUSDT,658546.9999999998,3.7000000000000033,0,999440.9500000001,92133.5
1732669380831000,BTCUSDT,649334.9999999998,3.8000000000000034,0,999408.67,92124.65
1732669381980000,BTCUSDT,640123.9999999998,3.9000000000000035,0,999369.77,92114.3
1732669385998000,BTCUSDT,630913.9999999998,4.0000000000000036,0,999325.8,92102.95
1732669386689000,BTCUSDT,621704.9999999998,4.100000000000003,0,999274.0,92090.0
1732669389198000,BTCUSDT,612496.9999999998,4.200000000000003,0,999250.64,92084.2
1732669389502000,BTCUSDT,603289.9999999998,4.3000000000000025,0,999169.7150000001,92065.05
1732669389502000,BTCUSDT,594084.9999999998,4.400000000000002,0,999105.44,92050.1
1732669390419000,BTCUSDT,584880.9999999998,4.500000000000002,0,999071.575,92042.35
1732669259268000,BTCUSDT,582396.1899999997,4.527000000000002,0,999038.6349999999,92035.0
1732669395116000,BTCUSDT,575677.9999999998,4.600000000000002,0,999034.63,92034.05
1732669421268000,BTCUSDT,584881.9999999998,4.500000000000003,0,999052.1000000001,92037.8
1732669472214000,BTCUSDT,594086.9999999998,4.400000000000003,0,999084.3400000001,92044.85
1732669475550000,BTCUSDT,603292.9999999998,4.300000000000003,0,999147.9900000001,92059.3
1732669502866000,BTCUSDT,612500.9999999998,4.200000000000004,0,999196.2600000001,92070.3
1732669503836000,BTCUSDT,621709.9999999998,4.100000000000004,0,999239.6400000001,92080.4
1732669503970000,BTCUSDT,627420.1999999997,4.038000000000004,0,999279.6200000001,92090.0
1732669503970000,BTCUSDT,629998.9999999998,4.010000000000003,0,999279.9000000001,92090.0
1732669503970000,BTCUSDT,630919.9999999998,4.0000000000000036,0,999280.0000000001,92090.0
1732669506173000,BTCUSDT,640130.9999999998,3.9000000000000035,0,999323.7300000001,92100.7
1732669506254000,BTCUSDT,640223.1199999998,3.8990000000000036,0,999362.9342500002,92110.75
1732669506254000,BTCUSDT,649342.9999999998,3.8000000000000034,0,999363.8500000001,92110.75
1732669507481000,BTCUSDT,658555.9999999998,3.7000000000000033,0,999458.2750000001,92135.75
1732669507481000,BTCUSDT,667769.9999999998,3.600000000000003,0,999458.7000000001,92135.75
1732669507481000,BTCUSDT,676984.9999999998,3.500000000000003,0,999460.125,92135.75
1732669507481000,BTCUSDT,686200.9999999998,3.400000000000003,0,999462.55,92135.75
1732669509056000,BTCUSDT,695417.9999999998,3.300000000000003,0,999547.155,92160.35
1732669509056000,BTCUSDT,704635.9999999998,3.200000000000003,0,999575.8400000001,92168.7
1732669510227000,BTCUSDT,713854.9999999998,3.1000000000000028,0,999616.41,92181.1
1732669511508000,BTCUSDT,704636.9999999998,3.200000000000003,0,999594.76,92174.3
1732669512499000,BTCUSDT,713855.9999999998,3.1000000000000028,0,999638.025,92187.75
1732669516376000,BTCUSDT,722891.5999999997,3.0020000000000024,0,999650.9332999999,92191.65
1732669516376000,BTCUSDT,723075.9999999998,3.0000000000000027,0,999653.8,92192.6
1732669517146000,BTCUSDT,732296.9999999998,2.9000000000000026,0,999699.62,92207.79999999999
1732669518728000,BTCUSDT,741518.9999999998,2.8000000000000025,0,999727.3,92217.25
1732669522156000,BTCUSDT,750741.9999999998,2.7000000000000024,0,999767.185,92231.55
1732669526128000,BTCUSDT,759965.9999999998,2.6000000000000023,0,999803.0,92245.0
1732669528746000,BTCUSDT,769190.9999999998,2.500000000000002,0,999828.5,92255.0
1732669547633000,BTCUSDT,759966.9999999998,2.6000000000000023,0,999803.35,92244.75
1732669550438000,BTCUSDT,750744.9999999998,2.7000000000000024,0,999742.51,92221.3
1732669550465000,BTCUSDT,741523.9999999998,2.8000000000000025,0,999722.9199999999,92213.9
1732669550508000,BTCUSDT,732303.9999999998,2.9000000000000026,0,999689.365,92201.85
1732669550701000,BTCUSDT,723084.9999999998,3.0000000000000027,0,999657.4,92190.8
1732669509058000,BTCUSDT,713866.9999999998,3.1000000000000028,0,999609.5,92175.0
1732669550701000,BTCUSDT,704649.9999999998,3.200000000000003,0,999565.52,92161.1
1732669550701000,BTCUSDT,695433.9999999998,3.300000000000003,0,999545.5,92155.0
1732669550701000,BTCUSDT,686218.9999999998,3.400000000000003,0,999510.98,92144.7
1732669550701000,BTCUSDT,677004.9999999998,3.500000000000003,0,999477.5,92135.0
1732669554353000,BTCUSDT,667791.9999999998,3.600000000000003,0,999422.3800000001,92119.55
1732669555886000,BTCUSDT,658580.9999999998,3.7000000000000033,0,999369.3150000001,92104.95
1732669562638000,BTCUSDT,649370.9999999998,3.8000000000000034,0,999364.1100000001,92103.45
1732669569564000,BTCUSDT,640161.9999999998,3.9000000000000035,0,999331.7200000001,92094.8
1732669569612000,BTCUSDT,630953.9999999998,4.0000000000000036,0,999291.2000000002,92084.3
1732669570774000,BTCUSDT,621746.9999999998,4.100000000000003,0,999243.8400000001,92072.4
1732669570778000,BTCUSDT,612540.9999999998,4.200000000000003,0,999210.01,92064.05
1732669570954000,BTCUSDT,611804.7599999998,4.208000000000003,0,999082.3592000001,92033.65
1732669421290000,BTCUSDT,610056.1899999998,4.227000000000002,0,999082.4285500001,92033.65
1732669570954000,BTCUSDT,603337.9999999999,4.3000000000000025,0,999082.4800000002,92033.6
1732669594140000,BTCUSDT,612541.9999999999,4.200000000000003,0,999110.4200000002,92040.1
1732669623260000,BTCUSDT,621748.9999999999,4.100000000000003,0,999224.5200000003,92067.2
1732669623260000,BTCUSDT,630956.9999999999,4.0000000000000036,0,999246.2000000002,92072.29999999999
1732669623328000,BTCUSDT,640165.9999999999,3.9000000000000035,0,999282.4850000001,92081.15
1732669625860000,BTCUSDT,649375.9999999999,3.8000000000000034,0,999355.4300000002,92099.85
1732669625881000,BTCUSDT,658586.9999999999,3.7000000000000033,0,999395.4800000002,92110.4
1732669627698000,BTCUSDT,667798.9999999999,3.600000000000003,0,999413.9000000001,92115.25
1732669651370000,BTCUSDT,658587.9999999999,3.7000000000000033,0,999390.9300000002,92108.9
1732669651380000,BTCUSDT,649377.9999999999,3.8000000000000034,0,999356.6700000002,92099.65
1732669704046000,BTCUSDT,658588.9999999999,3.7000000000000033,0,999376.2050000002,92104.65
1732669708813000,BTCUSDT,667800.9999999999,3.600000000000003,0,999409.0600000002,92113.35
1732669748760000,BTCUSDT,658588.9999999999,3.7000000000000033,0,999405.4350000002,92112.55
1732669749119000,BTCUSDT,649377.9999999999,3.8000000000000034,0,999376.2400000002,92104.8
1732669752624000,BTCUSDT,640167.9999999999,3.9000000000000035,0,999352.9300000002,92098.7
1732669762171000,BTCUSDT,630958.9999999999,4.0000000000000036,0,999324.4000000003,92091.35
1732669781594000,BTCUSDT,621750.9999999999,4.100000000000003,0,999292.9400000002,92083.4
1732669784132000,BTCUSDT,612543.9999999999,4.200000000000003,0,999249.3400000002,92072.70000000001
1732669623260000,BTCUSDT,612451.9399999998,4.201000000000003,0,999196.6301500001,92060.15
1732669784132000,BTCUSDT,603337.9999999999,4.300000000000003,0,999192.9900000002,92059.3
1732669805176000,BTCUSDT,594132.9999999999,4.400000000000003,0,999164.8800000001,92052.7
1732669807190000,BTCUSDT,593396.68,4.408000000000001,0,999144.7048000002,92048.1
1732669594409000,BTCUSDT,588426.5199999999,4.462000000000003,0,999131.3100000003,92045.0
1732669594409000,BTCUSDT,587414.08,4.473000000000003,0,999131.3650000002,92045.0
1732669807453000,BTCUSDT,584929.0,4.5000000000000036,0,999131.2750000004,92044.95
1732669813713000,BTCUSDT,575726.0,4.600000000000003,0,999076.6500000004,92032.75
1732669839031000,BTCUSDT,574713.7800000003,4.611000000000001,0,999026.5303500004,92021.85
1732668912889000,BTCUSDT,571585.1,4.645000000000003,0,999026.5932500003,92021.85
1732669839031000,BTCUSDT,566524.0,4.700000000000003,0,999026.6950000003,92021.85
1732669919729000,BTCUSDT,575727.0,4.600000000000003,0,999045.6800000003,92025.8
1732669919729000,BTCUSDT,584931.0,4.5000000000000036,0,999139.1250000003,92046.25
1732669919851000,BTCUSDT,594136.0,4.400000000000004,0,999170.5200000003,92053.29999999999
1732669939482000,BTCUSDT,603342.0,4.300000000000004,0,999193.3350000004,92058.45
1732669972972000,BTCUSDT,612549.0,4.200000000000005,0,999226.4100000004,92066.05
1732669972972000,BTCUSDT,621757.0,4.100000000000005,0,999261.2200000004,92074.2
1732669972972000,BTCUSDT,630966.0,4.000000000000005,0,999262.8000000005,92074.2
1732669982400000,BTCUSDT,631058.1,3.9990000000000054,0,999326.0100000005,92090.0
1732669982400000,BTCUSDT,638518.2,3.9180000000000064,0,999326.8200000005,92090.0
1732669982787000,BTCUSDT,640176.0,3.9000000000000057,0,999327.0000000005,92090.0
1732670020270000,BTCUSDT,640268.11,3.899000000000006,0,999366.5948500005,92100.15
1732670020270000,BTCUSDT,641189.21,3.889000000000006,0,999366.6933500005,92100.15
1732670020270000,BTCUSDT,641281.32,3.888000000000006,0,999366.7032000006,92100.15
1732670020270000,BTCUSDT,649387.0,3.800000000000006,0,999367.5700000005,92100.15
1732670047372000,BTCUSDT,658599.0,3.700000000000006,0,999406.7400000005,92110.2
1732670047372000,BTCUSDT,658691.13,3.699000000000006,0,999442.2702000006,92119.8
1732670047372000,BTCUSDT,667812.0,3.600000000000006,0,999443.2800000005,92119.8
1732670047372000,BTCUSDT,677026.0,3.5000000000000058,0,999446.3500000006,92120.1
1732670047659000,BTCUSDT,677210.2999999996,3.49800000000001,0,999516.0200000005,92140.0
1732670047659000,BTCUSDT,678684.6999999996,3.48200000000001,0,999516.1800000005,92140.0
1732670047659000,BTCUSDT,680066.95,3.4670000000000054,0,999516.3300000004,92140.0
1732670047659000,BTCUSDT,680159.0999999995,3.46600000000001,0,999516.3400000004,92140.0
1732670047659000,BTCUSDT,681633.4999999995,3.45000000000001,0,999516.5000000005,92140.0
1732670047659000,BTCUSDT,683107.8999999996,3.43400000000001,0,999516.6600000005,92140.0
1732670047659000,BTCUSDT,683107.8999999999,3.4340000000000055,0,999516.6600000004,92140.0
1732670047659000,BTCUSDT,684029.3999999996,3.4240000000000097,0,999516.7600000005,92140.0
1732670047660000,BTCUSDT,684582.2999999996,3.41800000000001,0,999516.8200000005,92140.0
1732670047660000,BTCUSDT,684674.4499999996,3.41700000000001,0,999516.8300000005,92140.0
1732670047660000,BTCUSDT,684858.7499999997,3.4150000000000102,0,999516.8500000006,92140.0
1732670047660000,BTCUSDT,686241.0,3.4000000000000057,0,999517.0000000005,92140.0
1732670072142000,BTCUSDT,695457.0,3.3000000000000056,0,999552.3300000005,92150.1
1732670079056000,BTCUSDT,704674.0,3.2000000000000055,0,999586.1600000005,92160.05
1732670089164000,BTCUSDT,706425.4199999998,3.181000000000008,0,999618.1900000005,92170.0
1732670089855000,BTCUSDT,706701.9600000001,3.1780000000000057,0,999619.8090000006,92170.5
1732670089855000,BTCUSDT,708822.1000000001,3.1550000000000056,0,999620.0275000005,92170.5
1732670089855000,BTCUSDT,709651.7200000001,3.1460000000000057,0,999620.1130000006,92170.5
1732670089855000,BTCUSDT,713892.0000000001,3.100000000000006,0,999620.5500000006,92170.5
1732670114760000,BTCUSDT,715367.0400000002,3.084000000000006,0,999656.4822000007,92182.05
1732670114760000,BTCUSDT,715459.2300000001,3.083000000000006,0,999656.4901500007,92182.05
1732670114760000,BTCUSDT,723111.0000000001,3.0000000000000058,0,999657.1500000006,92182.05
1732670119930000,BTCUSDT,732331.0000000001,2.9000000000000057,0,999683.1600000006,92190.4
1732670120049000,BTCUSDT,741552.0000000001,2.8000000000000056,0,999728.1000000007,92205.75
1732670120049000,BTCUSDT,750774.0000000001,2.7000000000000055,0,999729.5250000006,92205.75
1732670120049000,BTCUSDT,759997.0000000001,2.6000000000000054,0,999744.3000000006,92210.5
1732670125543000,BTCUSDT,769222.0000000001,2.5000000000000053,0,999865.7500000006,92257.5
1732670125543000,BTCUSDT,778448.0000000001,2.4000000000000052,0,999866.0000000006,92257.5
1732670125543000,BTCUSDT,787675.0000000001,2.300000000000005,0,999867.2500000006,92257.5
1732670125543000,BTCUSDT,796903.0000000001,2.200000000000005,0,999869.5000000006,92257.5
1732670146054000,BTCUSDT,806132.0000000001,2.100000000000005,0,999943.5200000006,92291.2
1732670146054000,BTCUSDT,815362.0000000001,2.000000000000005,0,999944.4000000006,92291.2
1732670146054000,BTCUSDT,824593.0000000001,1.9000000000000048,0,999946.2800000005,92291.2
1732670146054000,BTCUSDT,833825.0000000001,1.8000000000000047,0,999957.7100000005,92295.95
1732670160558000,BTCUSDT,833917.3300000001,1.7990000000000048,0,1000002.8090000006,92321.0
1732670160558000,BTCUSDT,843058.0000000001,1.7000000000000048,0,1000003.7000000005,92321.0
1732670168163000,BTCUSDT,852292.0000000001,1.6000000000000048,0,1000022.8800000006,92331.8
1732670192661000,BTCUSDT,854231.3500000001,1.5790000000000048,0,1000037.4732000006,92340.8
1732670192661000,BTCUSDT,861527.0000000001,1.5000000000000049,0,1000038.2000000005,92340.8
1732670192661000,BTCUSDT,870763.0000000001,1.4000000000000048,0,1000046.4200000006,92345.3
1732670206925000,BTCUSDT,870855.3700000001,1.399000000000005,0,1000067.4996500006,92360.35
1732670206925000,BTCUSDT,871132.4800000001,1.396000000000005,0,1000067.5286000005,92360.35
1732670206925000,BTCUSDT,880000.0000000001,1.300000000000005,0,1000068.4550000005,92360.35
1732670221261000,BTCUSDT,880923.8000000002,1.290000000000005,0,1000081.1645000007,92370.05
1732670221261000,BTCUSDT,889238.0000000001,1.2000000000000048,0,1000082.0600000005,92370.05
1732670226017000,BTCUSDT,889884.73,1.1930000000000058,0,1000094.0700000005,92380.0
1732670226017000,BTCUSDT,889977.12,1.192000000000006,0,1000094.0800000005,92380.0
1732670226017000,BTCUSDT,890069.51,1.191000000000006,0,1000094.0900000005,92380.0
1732670226017000,BTCUSDT,890716.2400000001,1.184000000000005,0,1000094.1600000006,92380.0
1732670226017000,BTCUSDT,891547.75,1.175000000000006,0,1000094.2500000006,92380.0
1732670226017000,BTCUSDT,892194.4800000001,1.168000000000005,0,1000094.3784000005,92380.05
1732670226017000,BTCUSDT,892471.6500000001,1.1650000000000051,0,1000094.4082500006,92380.05
1732670226017000,BTCUSDT,898477.0000000001,1.1000000000000052,0,1000095.0550000006,92380.05
1732670226018000,BTCUSDT,907717.0000000001,1.000000000000005,0,1000107.6000000006,92390.6
1732670226018000,BTCUSDT,907809.4100000001,0.9990000000000051,0,1000112.3147000007,92395.3
1732670226018000,BTCUSDT,916958.0000000001,0.9000000000000051,0,1000113.7700000006,92395.3
1732670226022000,BTCUSDT,926200.0000000001,0.8000000000000052,0,1000128.5200000006,92410.65
1732670226565000,BTCUSDT,926292.4300000002,0.7990000000000052,0,1000138.0075000006,92422.5
1732670226565000,BTCUSDT,926384.8600000002,0.7980000000000051,0,1000138.0150000007,92422.5
1732670226565000,BTCUSDT,926477.2900000003,0.7970000000000051,0,1000138.0225000008,92422.5
1732670226565000,BTCUSDT,926569.7200000003,0.7960000000000051,0,1000138.0300000008,92422.5
1732670226565000,BTCUSDT,926662.1500000004,0.7950000000000051,0,1000138.0375000008,92422.5
1732670226565000,BTCUSDT,926754.5800000004,0.7940000000000051,0,1000138.0450000009,92422.5
1732670226565000,BTCUSDT,926847.0100000005,0.7930000000000051,0,1000138.0525000009,92422.5
1732670226565000,BTCUSDT,926939.4400000005,0.7920000000000051,0,1000138.060000001,92422.5
1732670226565000,BTCUSDT,927031.8700000006,0.7910000000000051,0,1000138.067500001,92422.5
1732670226565000,BTCUSDT,927124.3000000006,0.7900000000000051,0,1000138.0750000011,92422.5
1732670226565000,BTCUSDT,927216.7300000007,0.7890000000000051,0,1000138.0825000012,92422.5
1732670226565000,BTCUSDT,927309.1600000007,0.7880000000000051,0,1000138.0900000012,92422.5
1732670226565000,BTCUSDT,927401.5900000008,0.7870000000000051,0,1000138.0975000013,92422.5
1732670226565000,BTCUSDT,927494.0200000008,0.7860000000000051,0,1000138.1050000013,92422.5
1732670226565000,BTCUSDT,927586.4500000009,0.7850000000000051,0,1000138.1125000013,92422.5
1732670226565000,BTCUSDT,927678.8800000009,0.7840000000000051,0,1000138.1200000014,92422.5
1732670226565000,BTCUSDT,927771.310000001,0.7830000000000051,0,1000138.1275000015,92422.5
1732670226565000,BTCUSDT,927863.740000001,0.7820000000000051,0,1000138.1350000015,92422.5
1732670226565000,BTCUSDT,927956.1700000011,0.7810000000000051,0,1000138.1425000016,92422.5
1732670226565000,BTCUSDT,928048.6000000011,0.7800000000000051,0,1000138.1500000017,92422.5
1732670226565000,BTCUSDT,928510.7500000012,0.7750000000000051,0,1000138.1875000016,92422.5
1732670226565000,BTCUSDT,928603.1800000012,0.7740000000000051,0,1000138.1950000017,92422.5
1732670226565000,BTCUSDT,935443.0000000012,0.7000000000000052,0,1000138.7500000016,92422.5
1732670226565000,BTCUSDT,944687.0000000012,0.6000000000000052,0,1000143.1700000017,92426.95
1732670229057000,BTCUSDT,953932.0000000012,0.5000000000000052,0,1000152.1000000016,92440.2
1732670229057000,BTCUSDT,963178.0000000012,0.40000000000000524,0,1000156.8600000016,92447.15
1732670229606000,BTCUSDT,972425.0000000012,0.30000000000000526,0,1000163.1200000016,92460.4
1732670231692000,BTCUSDT,981673.0000000012,0.20000000000000526,0,1000167.3600000016,92471.8
1732670234114000,BTCUSDT,972426.0000000012,0.30000000000000526,0,1000165.4850000016,92464.95
1732670238934000,BTCUSDT,981674.0000000012,0.20000000000000526,0,1000169.4400000017,92477.2
1732670238939000,BTCUSDT,990923.0000000012,0.10000000000000525,0,1000172.5900000016,92495.9
1732670238952000,BTCUSDT,1000173.0000000012,5.245803791353865e-15,0,1000173.0000000016,92499.95
1732670240199000,BTCUSDT,990921.0000000012,0.10000000000000525,0,1000173.1750000017,92521.75
1732670242080000,BTCUSDT,1000174.0000000012,5.245803791353865e-15,0,1000174.0000000016,92529.9
1732670288925000,BTCUSDT,990919.0000000012,0.10000000000000525,0,1000174.3800000016,92553.8
1732670298626000,BTCUSDT,981665.0000000012,0.20000000000000526,0,1000173.9200000017,92544.6
1732670303290000,BTCUSDT,990920.0000000012,0.10000000000000525,0,1000175.4000000017,92554.0
1732670306016000,BTCUSDT,1000176.0000000012,5.245803791353865e-15,0,1000176.0000000016,92558.54999999999
1732670348757000,BTCUSDT,990916.0000000012,0.10000000000000525,0,1000176.3150000017,92603.15
1732670348757000,BTCUSDT,981660.0000000012,0.20000000000000526,0,1000171.9900000016,92559.95
1732670348757000,BTCUSDT,972405.0000000012,0.30000000000000526,0,1000169.9400000017,92549.8
1732670348757000,BTCUSDT,963152.0000000012,0.40000000000000524,0,1000164.1200000016,92530.3
1732670242081000,BTCUSDT,958526.0000000012,0.45000000000000523,0,1000162.2500000016,92525.0
1732670242081000,BTCUSDT,954547.6400000012,0.4930000000000052,0,1000162.4650000017,92525.0
1732670348757000,BTCUSDT,953900.0000000012,0.5000000000000052,0,1000162.5000000016,92525.0
1732670348778000,BTCUSDT,963153.0000000012,0.40000000000000524,0,1000161.1200000016,92520.3
1732670349188000,BTCUSDT,972407.0000000012,0.30000000000000526,0,1000166.0750000017,92530.25
1732670352139000,BTCUSDT,963153.0000000012,0.40000000000000524,0,1000167.0000000016,92535.0
1732670352285000,BTCUSDT,953900.0000000012,0.5000000000000052,0,1000162.4750000016,92524.95
1732670383889000,BTCUSDT,953529.9200000012,0.5040000000000053,0,1000160.9072000016,92521.8
1732670348780000,BTCUSDT,952419.6800000012,0.5160000000000052,0,1000160.9288000017,92521.8
1732670383962000,BTCUSDT,944648.0000000012,0.6000000000000052,0,1000161.0200000016,92521.70000000001
1732670387800000,BTCUSDT,935397.0000000012,0.7000000000000052,0,1000157.0800000016,92514.4
1732670401867000,BTCUSDT,944649.0000000012,0.6000000000000052,0,1000162.4700000016,92522.45000000001
1732670403751000,BTCUSDT,953902.0000000012,0.5000000000000052,0,1000165.6250000016,92527.25
1732670414184000,BTCUSDT,944650.0000000012,0.6000000000000052,0,1000161.8800000016,92519.8
1732670418727000,BTCUSDT,935399.0000000012,0.7000000000000052,0,1000153.0950000016,92505.85
1732670426768000,BTCUSDT,944651.0000000012,0.6000000000000052,0,1000161.4700000016,92517.45
1732670432019000,BTCUSDT,953904.0000000012,0.5000000000000052,0,1000164.2250000016,92520.45
1732670437185000,BTCUSDT,953996.5400000012,0.4990000000000052,0,1000169.0100000016,92530.0
1732670437185000,BTCUSDT,956032.4200000012,0.4770000000000052,0,1000169.2300000017,92530.0
1732670437185000,BTCUSDT,958993.7000000012,0.44500000000000517,0,1000169.5500000017,92530.0
1732670437185000,BTCUSDT,963158.0000000013,0.4000000000000052,0,1000170.0000000017,92530.0
1732670441124000,BTCUSDT,972413.0000000013,0.30000000000000515,0,1000175.0900000017,92540.3
1732670486158000,BTCUSDT,972505.5600000013,0.29900000000000515,0,1000178.0249500019,92550.05
1732670486158000,BTCUSDT,981669.0000000013,0.20000000000000515,0,1000179.0100000018,92550.05
1732670502773000,BTCUSDT,972414.0000000013,0.30000000000000515,0,1000177.3650000017,92544.55
1732670503014000,BTCUSDT,963160.0000000013,0.40000000000000513,0,1000173.9000000018,92534.75
1732670503114000,BTCUSDT,953907.0000000013,0.5000000000000051,0,1000169.0250000018,92524.05
1732670510027000,BTCUSDT,944655.0000000013,0.6000000000000051,0,1000164.0900000017,92515.15
1732670510227000,BTCUSDT,935404.0000000013,0.7000000000000051,0,1000160.7200000017,92509.6
1732670511202000,BTCUSDT,926154.0000000013,0.800000000000005,0,1000157.4400000017,92504.29999999999
1732670513717000,BTCUSDT,935405.0000000013,0.7000000000000051,0,1000166.6200000017,92516.6
1732670513717000,BTCUSDT,944657.0000000013,0.6000000000000051,0,1000166.9600000017,92516.6
1732670537837000,BTCUSDT,935406.0000000013,0.7000000000000051,0,1000162.6150000017,92509.45
1732670539242000,BTCUSDT,926156.0000000013,0.800000000000005,0,1000159.5600000017,92504.45
1732670540949000,BTCUSDT,935407.0000000013,0.7000000000000051,0,1000167.6050000017,92515.15
1732670547234000,BTCUSDT,944659.0000000013,0.6000000000000051,0,1000169.6200000017,92517.70000000001
1732670553327000,BTCUSDT,935408.0000000013,0.7000000000000051,0,1000165.0000000017,92510.0
1732670554969000,BTCUSDT,944660.0000000013,0.6000000000000051,0,1000172.0900000017,92520.15
1732670580031000,BTCUSDT,935409.0000000013,0.7000000000000051,0,1000169.2200000017,92514.6
1732670584759000,BTCUSDT,926159.0000000013,0.800000000000005,0,1000162.3200000017,92504.15
1732670585187000,BTCUSDT,935410.0000000013,0.7000000000000051,0,1000171.1650000018,92515.95
1732670585187000,BTCUSDT,944662.0000000013,0.6000000000000051,0,1000174.8400000017,92521.4
1732670588621000,BTCUSDT,953915.0000000013,0.5000000000000051,0,1000179.0750000017,92528.15
1732670594055000,BTCUSDT,944663.0000000013,0.6000000000000051,0,1000175.1500000018,92520.25
1732670594067000,BTCUSDT,935413.0000000013,0.7000000000000051,0,1000162.3000000018,92499.0
1732670645625000,BTCUSDT,944664.0000000013,0.6000000000000051,0,1000165.0800000017,92501.8
1732670645625000,BTCUSDT,953917.0000000013,0.5000000000000051,0,1000172.7500000017,92511.5
1732670646900000,BTCUSDT,954009.5400000013,0.4990000000000051,0,1000183.0329500018,92532.05
1732670646900000,BTCUSDT,954102.0800000014,0.4980000000000051,0,1000183.0409000018,92532.05
1732670646900000,BTCUSDT,954287.1600000013,0.4960000000000051,0,1000183.0568000018,92532.05
1732670646900000,BTCUSDT,955582.7200000014,0.4820000000000051,0,1000183.1681000019,92532.05
1732670646900000,BTCUSDT,955952.8800000014,0.4780000000000051,0,1000183.1999000019,92532.05
1732670646900000,BTCUSDT,956878.2800000014,0.4680000000000051,0,1000183.2794000019,92532.05
1732670646900000,BTCUSDT,957896.2200000014,0.45700000000000507,0,1000183.3668500019,92532.05
1732670646900000,BTCUSDT,958173.8400000014,0.45400000000000507,0,1000183.3907000019,92532.05
1732670646900000,BTCUSDT,959469.4000000014,0.44000000000000505,0,1000183.5020000018,92532.05
1732670646900000,BTCUSDT,959839.5600000015,0.43600000000000505,0,1000183.533800002,92532.05
1732670646900000,BTCUSDT,963171.0000000014,0.400000000000005,0,1000183.8200000018,92532.05
1732670646900000,BTCUSDT,972426.0000000014,0.30000000000000504,0,1000187.2200000018,92537.4
1732670646900000,BTCUSDT,981682.0000000014,0.20000000000000503,0,1000194.2000000018,92561.0
1732670664819000,BTCUSDT,990939.0000000014,0.10000000000000503,0,1000195.9450000018,92569.45
1732670742928000,BTCUSDT,981680.0000000014,0.20000000000000503,0,1000198.5700000018,92592.85
1732670693403000,BTCUSDT,972422.0000000014,0.30000000000000504,0,1000194.5000000019,92575.0
1732670743967000,BTCUSDT,963165.0000000014,0.400000000000005,0,1000193.8400000018,92572.1
1732670746639000,BTCUSDT,953909.0000000014,0.500000000000005,0,1000191.4750000018,92564.95
1732670754214000,BTCUSDT,944657.0000000014,0.600000000000005,0,1000166.0000000019,92515.0
1732670754447000,BTCUSDT,935406.0000000014,0.700000000000005,0,1000156.5600000019,92500.8
1732670760073000,BTCUSDT,926157.0000000014,0.8000000000000049,0,1000151.9200000018,92493.65
1732670761511000,BTCUSDT,916911.0000000014,0.9000000000000049,0,1000129.0050000019,92464.45
1732670761511000,BTCUSDT,907666.0000000014,1.0000000000000049,0,1000115.6000000018,92449.6
1732670762699000,BTCUSDT,898422.0000000014,1.100000000000005,0,1000099.9500000018,92434.5
1732670763107000,BTCUSDT,889179.0000000014,1.200000000000005,0,1000088.9400000018,92424.95
1732670766497000,BTCUSDT,898423.0000000014,1.100000000000005,0,1000099.7950000018,92433.45
1732670773808000,BTCUSDT,907668.0000000014,1.0000000000000049,0,1000108.1000000018,92440.1
1732670773812000,BTCUSDT,912291.0000000014,0.9500000000000048,0,1000124.7700000019,92456.6
1732670773812000,BTCUSDT,916914.0000000014,0.9000000000000048,0,1000124.9400000018,92456.6
1732670773812000,BTCUSDT,926161.0000000014,0.8000000000000048,0,1000126.2800000019,92456.6
1732670780929000,BTCUSDT,916914.0000000014,0.9000000000000048,0,1000138.1250000019,92471.25
1732670783661000,BTCUSDT,926162.0000000014,0.8000000000000048,0,1000142.2800000019,92475.35
1732670818787000,BTCUSDT,916914.0000000014,0.9000000000000048,0,1000145.9550000018,92479.95
1732670819801000,BTCUSDT,907667.0000000014,1.0000000000000049,0,1000137.6000000018,92470.6
1732670819867000,BTCUSDT,898421.0000000014,1.100000000000005,0,1000121.3900000019,92454.9
1732670823166000,BTCUSDT,889176.0000000014,1.200000000000005,0,1000110.0000000019,92445.0
1732670824071000,BTCUSDT,879932.0000000014,1.3000000000000052,0,1000096.1350000019,92433.95
1732670824149000,BTCUSDT,870689.0000000014,1.4000000000000052,0,1000086.4500000018,92426.75
1732670226023000,BTCUSDT,861447.0000000014,1.5000000000000053,0,1000069.5000000019,92415.0
1732670226020000,BTCUSDT,852206.0000000014,1.6000000000000054,0,1000054.0000000019,92405.0
1732670825064000,BTCUSDT,842966.0000000014,1.7000000000000055,0,1000037.5000000019,92395.0
1732670825064000,BTCUSDT,833727.0000000014,1.8000000000000056,0,1000020.0000000019,92385.0
1732670830265000,BTCUSDT,824489.0000000014,1.9000000000000057,0,1000001.0250000019,92374.75
1732670830905000,BTCUSDT,815252.0000000014,2.0000000000000058,0,999981.8000000019,92364.9
1732670192670000,BTCUSDT,806016.0000000014,2.100000000000006,0,999961.500000002,92355.0
1732670834644000,BTCUSDT,796781.0000000014,2.200000000000006,0,999940.000000002,92345.0
1732670850584000,BTCUSDT,806017.0000000014,2.100000000000006,0,999956.095000002,92351.95
1732670854915000,BTCUSDT,815254.0000000014,2.0000000000000058,0,999983.9000000019,92364.95
1732670877384000,BTCUSDT,824492.0000000014,1.9000000000000057,0,1000014.0000000019,92380.0
1732670877384000,BTCUSDT,833731.0000000014,1.8000000000000056,0,1000023.730000002,92384.85
1732670896108000,BTCUSDT,833823.4000000014,1.7990000000000057,0,1000050.370350002,92399.65
1732670896108000,BTCUSDT,838073.8000000014,1.7530000000000057,0,1000050.386450002,92399.65
1732670896108000,BTCUSDT,838443.4000000014,1.7490000000000057,0,1000050.3878500019,92399.65
1732670896108000,BTCUSDT,838997.8000000014,1.7430000000000057,0,1000050.389950002,92399.65
1732670896108000,BTCUSDT,839090.2000000015,1.7420000000000058,0,1000050.390300002,92399.65
1732670896108000,BTCUSDT,839182.6000000015,1.7410000000000059,0,1000050.390650002,92399.65
1732670896108000,BTCUSDT,842971.0000000015,1.700000000000006,0,1000050.4050000021,92399.65
1732670896108000,BTCUSDT,852212.0000000015,1.6000000000000059,0,1000059.6000000021,92404.75
1732670898664000,BTCUSDT,855908.8000000016,1.5600000000000058,0,1000084.234000002,92420.15
1732670898664000,BTCUSDT,861454.0000000015,1.5000000000000058,0,1000084.2250000021,92420.15
1732670898664000,BTCUSDT,861454.0000000015,1.5000000000000058,0,1000084.2250000021,92420.15
1732670958981000,BTCUSDT,870697.0000000015,1.4000000000000057,0,1000089.270000002,92423.04999999999
1732670958981000,BTCUSDT,879941.0000000015,1.3000000000000056,0,1000099.155000002,92429.35
1732670967184000,BTCUSDT,889186.0000000015,1.2000000000000055,0,1000119.640000002,92444.7
1732670982684000,BTCUSDT,898432.0000000015,1.1000000000000054,0,1000128.705000002,92451.55
1732670997455000,BTCUSDT,889187.0000000015,1.2000000000000055,0,1000129.160000002,92451.8
1732671000209000,BTCUSDT,879943.0000000015,1.3000000000000056,0,1000108.5000000021,92435.0
1732671002386000,BTCUSDT,870700.0000000015,1.4000000000000057,0,1000091.5000000021,92422.5
1732671007854000,BTCUSDT,861458.0000000015,1.5000000000000058,0,1000082.525000002,92416.35
1732671022199000,BTCUSDT,870701.0000000015,1.4000000000000057,0,1000095.020000002,92424.29999999999
1732671028207000,BTCUSDT,879945.0000000015,1.3000000000000056,0,1000104.260000002,92430.2
1732671053574000,BTCUSDT,889190.0000000015,1.2000000000000055,0,1000125.320000002,92446.1
1732671055578000,BTCUSDT,898436.0000000015,1.1000000000000054,0,1000131.495000002,92450.45000000001
1732671071744000,BTCUSDT,889191.0000000015,1.2000000000000055,0,1000125.180000002,92445.15
1732671072246000,BTCUSDT,879947.0000000015,1.3000000000000056,0,1000119.455000002,92440.35
1732671076289000,BTCUSDT,889192.0000000015,1.2000000000000055,0,1000134.700000002,92452.25
1732671076289000,BTCUSDT,898438.0000000015,1.1000000000000054,0,1000138.555000002,92455.05
1732671103749000,BTCUSDT,889193.0000000015,1.2000000000000055,0,1000135.940000002,92452.45000000001
1732671104315000,BTCUSDT,879949.0000000015,1.3000000000000056,0,1000120.3500000021,92439.5
1732671111581000,BTCUSDT,889194.0000000015,1.2000000000000055,0,1000138.920000002,92454.1
1732671111887000,BTCUSDT,898440.0000000015,1.1000000000000054,0,1000144.020000002,92458.2
1732671134253000,BTCUSDT,907687.0000000015,1.0000000000000053,0,1000152.350000002,92465.35
1732671143935000,BTCUSDT,909814.0400000016,0.9770000000000045,0,1000157.278850002,92470.05
1732671143935000,BTCUSDT,912311.0000000015,0.9500000000000053,0,1000158.0225000021,92470.55
1732671143935000,BTCUSDT,915825.2400000015,0.9120000000000053,0,1000158.381600002,92470.55
1732671143935000,BTCUSDT,916935.0000000015,0.9000000000000052,0,1000158.495000002,92470.55
1732671178566000,BTCUSDT,917027.4900000015,0.8990000000000052,0,1000167.099900002,92480.1
1732671178566000,BTCUSDT,926184.0000000015,0.8000000000000053,0,1000168.080000002,92480.1
1732671280488000,BTCUSDT,935434.0000000015,0.7000000000000053,0,1000177.000000002,92490.0
1732671331088000,BTCUSDT,944686.0000000015,0.6000000000000053,0,1000192.540000002,92510.9
1732671350603000,BTCUSDT,953939.0000000015,0.5000000000000053,0,1000199.125000002,92520.25
1732671435874000,BTCUSDT,963196.0000000015,0.40000000000000535,0,1000220.060000002,92560.15
1732671446995000,BTCUSDT,967547.2600000015,0.35300000000000537,0,1000224.4700000021,92570.0
1732671446995000,BTCUSDT,970880.1400000015,0.3170000000000054,0,1000224.830000002,92570.0
1732671446995000,BTCUSDT,972454.0000000015,0.3000000000000054,0,1000225.000000002,92570.0
1732671446995000,BTCUSDT,972454.0000000015,0.3000000000000054,0,1000225.000000002,92570.0
1732671460162000,BTCUSDT,981713.0000000015,0.20000000000000537,0,1000229.130000002,92580.65
1732671570931000,BTCUSDT,981805.6000000015,0.19900000000000537,0,1000231.806000002,92594.0
1732671570931000,BTCUSDT,981898.2000000015,0.19800000000000537,0,1000231.812000002,92594.0
1732671570931000,BTCUSDT,982453.8000000014,0.19200000000000536,0,1000231.848000002,92594.0
1732671570931000,BTCUSDT,982916.8000000014,0.18700000000000536,0,1000231.8780000019,92594.0
1732671570931000,BTCUSDT,983379.8000000014,0.18200000000000535,0,1000231.9080000019,92594.0
1732671570931000,BTCUSDT,983472.4000000014,0.18100000000000535,0,1000231.914000002,92594.0
1732671570931000,BTCUSDT,987639.4000000014,0.13600000000000534,0,1000232.1840000019,92594.0
1732671570931000,BTCUSDT,988102.4000000014,0.13100000000000533,0,1000232.2140000019,92594.0
1732671570931000,BTCUSDT,989028.4000000014,0.12100000000000534,0,1000232.274000002,92594.0
1732671570931000,BTCUSDT,990973.0000000014,0.10000000000000533,0,1000232.4000000019,92594.0
1732671696581000,BTCUSDT,991065.6100000014,0.09900000000000533,0,1000233.5693500019,92605.65
1732671696581000,BTCUSDT,991158.2200000014,0.09800000000000533,0,1000233.5737000018,92605.65
1732671696581000,BTCUSDT,991621.2700000014,0.09300000000000533,0,1000233.5954500019,92605.65
1732671696581000,BTCUSDT,992084.3200000015,0.08800000000000532,0,1000233.617200002,92605.65
1732671696581000,BTCUSDT,994306.9600000015,0.06400000000000533,0,1000233.721600002,92605.65
1732671696581000,BTCUSDT,994770.0100000015,0.05900000000000533,0,1000233.743350002,92605.65
1732671696581000,BTCUSDT,1000234.0000000015,5.329070518200751e-15,0,1000234.000000002,92605.65
1732671892396000,BTCUSDT,990973.0000000015,0.10000000000000533,0,1000233.540000002,92605.4
1732671892637000,BTCUSDT,1000235.0000000015,5.329070518200751e-15,0,1000235.000000002,92620.3
1732671944673000,BTCUSDT,990973.0000000015,0.10000000000000533,0,1000234.925000002,92619.25
1732671960001000,BTCUSDT,1000236.0000000015,5.329070518200751e-15,0,1000236.000000002,92628.35
1732671992266000,BTCUSDT,990973.0000000015,0.10000000000000533,0,1000235.880000002,92628.8
1732671993926000,BTCUSDT,981711.0000000015,0.20000000000000534,0,1000235.950000002,92624.75
1732672003269000,BTCUSDT,972450.0000000015,0.3000000000000054,0,1000234.440000002,92614.8
1732672003270000,BTCUSDT,963190.0000000015,0.40000000000000535,0,1000229.980000002,92599.95
1732671570932000,BTCUSDT,958190.1400000015,0.45400000000000534,0,1000226.4994000021,92591.1
1732672010144000,BTCUSDT,953931.0000000015,0.5000000000000053,0,1000226.400000002,92590.79999999999
1732672027147000,BTCUSDT,963191.0000000015,0.40000000000000535,0,1000235.820000002,92612.05
1732672027147000,BTCUSDT,972452.0000000015,0.3000000000000054,0,1000235.615000002,92612.05
1732672027147000,BTCUSDT,981714.0000000015,0.20000000000000537,0,1000236.410000002,92612.05
1732672027147000,BTCUSDT,990977.0000000015,0.10000000000000536,0,1000238.4600000021,92614.6
1732672037593000,BTCUSDT,1000241.0000000015,5.35682609381638e-15,0,1000241.000000002,92630.15
1732672190003000,BTCUSDT,990974.0000000015,0.10000000000000536,0,1000240.500000002,92665.0
1732672206206000,BTCUSDT,1000242.0000000015,5.35682609381638e-15,0,1000242.000000002,92670.3
1732672246004000,BTCUSDT,990973.0000000015,0.10000000000000536,0,1000241.425000002,92684.25
1732672247998000,BTCUSDT,981705.0000000015,0.20000000000000537,0,1000239.940000002,92674.7
1732672248426000,BTCUSDT,972438.0000000015,0.3000000000000054,0,1000236.900000002,92663.0
1732672264326000,BTCUSDT,963172.0000000015,0.40000000000000535,0,1000232.940000002,92652.35
1732672264348000,BTCUSDT,953907.0000000015,0.5000000000000053,0,1000229.500000002,92645.0
1732672266374000,BTCUSDT,963173.0000000015,0.40000000000000535,0,1000237.920000002,92662.3
1732672283007000,BTCUSDT,972440.0000000015,0.3000000000000054,0,1000240.055000002,92666.85
1732672283158000,BTCUSDT,981708.0000000015,0.20000000000000537,0,1000244.650000002,92683.25
1732672283944000,BTCUSDT,990977.0000000015,0.10000000000000536,0,1000246.180000002,92691.8
1732672283944000,BTCUSDT,1000247.0000000015,5.35682609381638e-15,0,1000247.000000002,92691.8
1732672289989000,BTCUSDT,990977.0000000015,0.10000000000000536,0,1000246.4700000021,92694.7
1732672290295000,BTCUSDT,981708.0000000015,0.20000000000000537,0,1000246.250000002,92691.25
1732672308022000,BTCUSDT,972441.0000000015,0.3000000000000054,0,1000239.4650000021,92661.55
1732672317636000,BTCUSDT,963175.0000000015,0.40000000000000535,0,1000238.480000002,92658.70000000001
1732672327086000,BTCUSDT,972442.0000000015,0.3000000000000054,0,1000241.515000002,92665.05
1732672340939000,BTCUSDT,981710.0000000015,0.20000000000000537,0,1000244.070000002,92670.35
1732672358167000,BTCUSDT,990980.0000000015,0.10000000000000536,0,1000249.350000002,92693.5
1732672362900000,BTCUSDT,1000251.0000000015,5.35682609381638e-15,0,1000251.000000002,92700.15
1732672364684000,BTCUSDT,990981.0000000015,0.10000000000000536,0,1000250.500000002,92695.0
1732672390666000,BTCUSDT,1000252.0000000015,5.35682609381638e-15,0,1000252.000000002,92700.65
1732673669426000,BTCUSDT,990978.0000000015,0.10000000000000536,0,1000252.135000002,92741.35
1732673669426000,BTCUSDT,986526.9599999946,0.1480000000000803,0,1000252.4800000021,92740.0
1732673669426000,BTCUSDT,985970.5800000016,0.15400000000000535,0,1000252.5400000021,92740.0
1732673669426000,BTCUSDT,985506.9299999947,0.1590000000000803,0,1000252.5900000022,92740.0
1732672474279000,BTCUSDT,985228.7400000016,0.16200000000000536,0,1000251.8100000022,92735.0
1732673669426000,BTCUSDT,981705.0000000016,0.20000000000000537,0,1000252.0000000021,92735.0
1732673669443000,BTCUSDT,972433.0000000016,0.3000000000000054,0,1000250.1400000021,92723.8
1732672418572000,BTCUSDT,972154.8700000016,0.3030000000000054,0,1000247.5150000021,92715.0
1732673669443000,BTCUSDT,963162.0000000016,0.40000000000000535,0,1000247.8200000022,92714.55
1732672390666000,BTCUSDT,963069.3000000017,0.40100000000000535,0,1000244.0050000022,92705.0
1732672390666000,BTCUSDT,962883.9000000017,0.40300000000000535,0,1000244.0150000021,92705.0
1732673669443000,BTCUSDT,953892.0000000016,0.5000000000000053,0,1000244.5000000021,92705.0
1732672358278000,BTCUSDT,953335.8600000016,0.5060000000000053,0,1000239.5300000021,92695.0
1732672358278000,BTCUSDT,953243.1700000017,0.5070000000000053,0,1000239.5350000021,92695.0
1732672358278000,BTCUSDT,952872.4100000017,0.5110000000000053,0,1000239.5550000021,92695.0
1732672358278000,BTCUSDT,951296.6800000017,0.5280000000000054,0,1000239.6400000022,92695.0
1732673669443000,BTCUSDT,944623.0000000016,0.6000000000000054,0,1000240.0000000021,92695.0
1732672358136000,BTCUSDT,944530.3200000016,0.6010000000000054,0,1000234.0050000021,92685.0
1732672358136000,BTCUSDT,943047.4400000016,0.6170000000000054,0,1000234.0850000021,92685.0
1732673669443000,BTCUSDT,935355.0000000016,0.7000000000000054,0,1000234.0100000021,92684.3
1732672340939000,BTCUSDT,935262.3300000016,0.7010000000000054,0,1000227.5050000021,92675.0
1732672340939000,BTCUSDT,933316.2600000016,0.7220000000000054,0,1000227.6100000022,92675.0
1732672340939000,BTCUSDT,931370.1900000017,0.7430000000000054,0,1000227.7150000022,92675.0
1732672340939000,BTCUSDT,929424.1200000017,0.7640000000000055,0,1000227.8200000023,92675.0
1732672340939000,BTCUSDT,927478.0500000018,0.7850000000000055,0,1000227.9250000023,92675.0
1732672340939000,BTCUSDT,926644.0200000018,0.7940000000000055,0,1000227.9700000023,92675.0
1732672340939000,BTCUSDT,926458.6800000018,0.7960000000000055,0,1000227.9800000023,92675.0
1732673669443000,BTCUSDT,926088.0000000017,0.8000000000000055,0,1000227.7600000022,92674.7
1732673669443000,BTCUSDT,916822.0000000017,0.9000000000000055,0,1000218.3400000023,92662.6
1732672267790000,BTCUSDT,914969.0000000017,0.9200000000000055,0,1000211.6000000022,92655.0
1732673669443000,BTCUSDT,907557.0000000017,1.0000000000000056,0,1000211.2500000022,92654.25
1732673669443000,BTCUSDT,898293.0000000017,1.1000000000000056,0,1000201.4550000023,92644.05
1732673669443000,BTCUSDT,889030.0000000017,1.2000000000000057,0,1000189.6600000022,92633.05
1732672027419000,BTCUSDT,879768.0000000017,1.3000000000000058,0,1000167.5000000023,92615.0
1732673669443000,BTCUSDT,870507.0000000017,1.400000000000006,0,1000152.5300000022,92603.95
1732673669444000,BTCUSDT,861247.0000000017,1.500000000000006,0,1000139.8000000023,92595.2
1732671460319000,BTCUSDT,858284.4400000017,1.532000000000006,0,1000124.6600000022,92585.0
1732671460319000,BTCUSDT,856618.0000000017,1.550000000000006,0,1000124.7500000023,92585.0
1732673669444000,BTCUSDT,851989.0000000017,1.600000000000006,0,1000124.8400000023,92584.9
1732673669444000,BTCUSDT,842732.0000000017,1.7000000000000062,0,1000104.9950000023,92572.35
1732671435875000,BTCUSDT,838104.0000000017,1.7500000000000062,0,1000092.7500000023,92565.0
1732673669444000,BTCUSDT,833476.0000000017,1.8000000000000063,0,1000092.4600000023,92564.7
1732673669444000,BTCUSDT,831717.5500000018,1.8190000000000062,0,1000084.1900000024,92560.0
1732673669444000,BTCUSDT,827090.0500000018,1.8690000000000062,0,1000084.6900000024,92560.0
1732673669444000,BTCUSDT,825239.049999996,1.8890000000000697,0,1000084.8900000025,92560.0
1732673669444000,BTCUSDT,824221.0000000019,1.9000000000000064,0,1000075.5000000024,92555.0
1732671392345000,BTCUSDT,814967.0000000019,2.000000000000006,0,1000037.0000000024,92535.0
1732671350680000,BTCUSDT,805714.0000000019,2.1000000000000063,0,1000016.5000000024,92525.0
1732671331349000,BTCUSDT,796462.0000000019,2.2000000000000064,0,999995.0000000024,92515.0
1732671326614000,BTCUSDT,787211.0000000019,2.3000000000000065,0,999972.5000000024,92505.0
1732671280787000,BTCUSDT,777961.0000000019,2.4000000000000066,0,999949.0000000024,92495.0
1732671178566000,BTCUSDT,768712.0000000019,2.5000000000000067,0,999924.5000000024,92485.0
1732671143936000,BTCUSDT,759464.0000000019,2.6000000000000068,0,999899.0000000024,92475.0
1732671134260000,BTCUSDT,750217.0000000019,2.700000000000007,0,999872.5000000026,92465.0
1732673669444000,BTCUSDT,740971.0000000019,2.800000000000007,0,999859.1400000025,92460.05
1732673669444000,BTCUSDT,731726.0000000019,2.900000000000007,0,999819.5450000025,92446.05
1732671022200000,BTCUSDT,722483.0000000019,3.000000000000007,0,999758.0000000026,92425.0
1732673669444000,BTCUSDT,713241.0000000019,3.100000000000007,0,999751.0600000026,92422.6
1732673669444000,BTCUSDT,709359.7799999958,3.1420000000000727,0,999743.4200000025,92420.0
1732673669444000,BTCUSDT,704000.0000000019,3.2000000000000073,0,999727.6800000025,92414.9
1732673669444000,BTCUSDT,694760.0000000019,3.3000000000000074,0,999682.4750000025,92400.75
1732673669444000,BTCUSDT,704001.0000000019,3.2000000000000073,0,1000022.9200000025,92506.85
1732673669444000,BTCUSDT,713243.0000000019,3.100000000000007,0,1000014.2350000025,92506.85
1732673669444000,BTCUSDT,722486.0000000019,3.000000000000007,0,1000006.5500000026,92506.85
1732673669444000,BTCUSDT,731730.0000000019,2.900000000000007,0,999999.8650000026,92506.85
1732673669444000,BTCUSDT,740976.0000000019,2.800000000000007,0,999995.1800000025,92506.85
1732673669444000,BTCUSDT,750223.0000000019,2.700000000000007,0,999991.4950000024,92506.85
1732673669444000,BTCUSDT,759471.0000000019,2.6000000000000068,0,999988.8100000025,92506.85
1732673669444000,BTCUSDT,768720.0000000019,2.5000000000000067,0,999987.1250000026,92506.85
1732673669444000,BTCUSDT,777970.0000000019,2.4000000000000066,0,999986.4400000025,92506.85
1732673669444000,BTCUSDT,768731.0000000019,2.5000000000000067,0,999708.1250000026,92390.85
1732673669444000,BTCUSDT,777971.0000000019,2.4000000000000066,0,999987.4400000025,92506.85
1732673669444000,BTCUSDT,768733.0000000019,2.5000000000000067,0,999682.2500000024,92379.7
1732673669444000,BTCUSDT,759497.0000000019,2.6000000000000068,0,999631.7000000025,92359.5
1732673669444000,BTCUSDT,750262.0000000019,2.700000000000007,0,999593.5000000026,92345.0
1732673669538000,BTCUSDT,759498.0000000019,2.6000000000000068,0,999611.9000000025,92351.5
1732673669589000,BTCUSDT,768735.0000000019,2.5000000000000067,0,999635.7500000024,92360.3
1732673669910000,BTCUSDT,777974.0000000019,2.4000000000000066,0,999682.5200000025,92378.55
1732673689163000,BTCUSDT,768727.0000000019,2.5000000000000067,0,999889.5000000024,92465.0
1732673689332000,BTCUSDT,759481.0000000019,2.6000000000000068,0,999862.0500000025,92454.25
1732673689388000,BTCUSDT,750236.0000000019,2.700000000000007,0,999836.5550000025,92444.65
1732673714538000,BTCUSDT,751715.3600000017,2.684000000000009,0,999851.9652000025,92450.3
1732673714538000,BTCUSDT,752270.1200000017,2.6780000000000093,0,999852.0234000026,92450.3
1732673714538000,BTCUSDT,752824.8800000018,2.6720000000000095,0,999852.0816000026,92450.3
1732673714538000,BTCUSDT,754211.7800000019,2.6570000000000076,0,999852.4928000026,92450.4
1732673714538000,BTCUSDT,759482.0000000019,2.6000000000000076,0,999853.0400000026,92450.4
1732673714538000,BTCUSDT,768729.0000000019,2.5000000000000075,0,999875.5000000026,92458.6
1732673714539000,BTCUSDT,777977.0000000019,2.4000000000000075,0,999893.3600000025,92465.15
1732673730722000,BTCUSDT,768730.0000000019,2.5000000000000075,0,999892.0000000026,92464.8
1732673730722000,BTCUSDT,759484.0000000019,2.6000000000000076,0,999867.0000000026,92455.0
1732673732037000,BTCUSDT,750239.0000000019,2.7000000000000077,0,999841.3100000026,92445.3
1732673732037000,BTCUSDT,740995.0000000019,2.800000000000008,0,999819.3000000026,92437.25
1732673732906000,BTCUSDT,731753.0000000019,2.900000000000008,0,999771.7250000027,92420.25
1732673733657000,BTCUSDT,722512.0000000019,3.000000000000008,0,999718.1500000026,92402.05
1732673733657000,BTCUSDT,713272.0000000019,3.100000000000008,0,999696.5000000026,92395.0
1732673737021000,BTCUSDT,704033.0000000019,3.200000000000008,0,999665.0000000026,92385.0
1732673737021000,BTCUSDT,694795.0000000019,3.3000000000000083,0,999632.1700000026,92374.9
1732673746737000,BTCUSDT,685558.0000000019,3.4000000000000083,0,999599.0000000026,92365.0
1732673748777000,BTCUSDT,676322.0000000019,3.5000000000000084,0,999564.5000000026,92355.0
1732673869487000,BTCUSDT,685559.0000000019,3.4000000000000083,0,999583.1700000027,92360.05
1732674069704000,BTCUSDT,694797.0000000019,3.3000000000000083,0,999618.1650000026,92370.05
1732674230244000,BTCUSDT,694981.7800000019,3.2980000000000085,0,999652.0094000027,92380.3
1732674230244000,BTCUSDT,704036.0000000019,3.2000000000000086,0,999652.9600000026,92380.3
1732674272125000,BTCUSDT,713276.0000000019,3.1000000000000085,0,999685.1550000026,92390.05
1732674272125000,BTCUSDT,722517.0000000019,3.0000000000000084,0,999703.8000000026,92395.6
1732674272125000,BTCUSDT,731759.0000000019,2.9000000000000083,0,999722.3350000026,92401.15
1732674272125000,BTCUSDT,741002.0000000019,2.8000000000000083,0,999736.7000000026,92405.25
1732674272125000,BTCUSDT,743405.7000000018,2.7740000000000085,0,999764.9100000026,92415.0
1732674272125000,BTCUSDT,749692.3000000018,2.7060000000000084,0,999767.2900000026,92415.0
1732674272125000,BTCUSDT,749784.7500000017,2.7050000000000085,0,999767.3250000025,92415.0
1732674272125000,BTCUSDT,750247.0000000017,2.7000000000000086,0,999767.5000000026,92415.0
1732674272125000,BTCUSDT,750986.6800000018,2.6920000000000086,0,999781.5892000026,92420.1
1732674272125000,BTCUSDT,751911.2800000018,2.682000000000009,0,999781.9882000026,92420.1
1732674272125000,BTCUSDT,752003.7400000017,2.681000000000009,0,999782.0281000026,92420.1
1732674272125000,BTCUSDT,752096.2000000017,2.680000000000009,0,999782.0680000025,92420.1
1732674272125000,BTCUSDT,752188.6600000017,2.679000000000009,0,999782.1079000025,92420.1
1732674272125000,BTCUSDT,752466.0400000017,2.676000000000009,0,999782.2276000025,92420.1
1732674272125000,BTCUSDT,752650.9600000017,2.6740000000000093,0,999782.3074000026,92420.1
1732674272125000,BTCUSDT,759493.0000000017,2.6000000000000094,0,999785.2600000026,92420.1
1732674272125000,BTCUSDT,768740.0000000017,2.5000000000000093,0,999803.1250000026,92425.25
1732674272125000,BTCUSDT,777988.0000000017,2.4000000000000092,0,999821.0800000026,92430.45
1732674279727000,BTCUSDT,787239.0000000017,2.300000000000009,0,999989.3450000025,92500.15
1732674280668000,BTCUSDT,796491.0000000017,2.200000000000009,0,1000013.3300000026,92510.15
1732674280668000,BTCUSDT,796676.0600000018,2.1980000000000093,0,1000024.0300000026,92515.0
1732674280668000,BTCUSDT,805744.0000000017,2.1000000000000094,0,1000025.5000000026,92515.0
1732674280668000,BTCUSDT,805836.5400000018,2.0990000000000095,0,1000038.5388000027,92521.2
1732674280668000,BTCUSDT,807317.1800000018,2.0830000000000095,0,1000038.8396000026,92521.2
1732674280668000,BTCUSDT,807409.7200000018,2.0820000000000096,0,1000038.8584000027,92521.2
1732674280668000,BTCUSDT,814998.0000000019,2.0000000000000098,0,1000040.4000000027,92521.2
1732674280668000,BTCUSDT,824253.0000000019,1.9000000000000097,0,1000058.9550000028,92529.45
1732674280668000,BTCUSDT,824993.4800000018,1.8920000000000097,0,1000060.3346000027,92530.05
1732674280668000,BTCUSDT,833509.0000000019,1.8000000000000096,0,1000063.0900000028,92530.05
1732674280668000,BTCUSDT,833879.2800000019,1.7960000000000096,0,1000072.1400000028,92535.0
1732674280668000,BTCUSDT,834156.9900000019,1.7930000000000097,0,1000072.2450000028,92535.0
1732674280668000,BTCUSDT,842766.0000000019,1.7000000000000097,0,1000075.5000000028,92535.0
1732674280668000,BTCUSDT,852024.0000000019,1.6000000000000096,0,1000092.6400000027,92542.9
1732674280668000,BTCUSDT,861283.0000000019,1.5000000000000095,0,1000103.0500000027,92546.7
1732674280686000,BTCUSDT,862394.3200000018,1.4880000000000095,0,1000175.9032000026,92595.15
1732674280686000,BTCUSDT,870544.0000000019,1.4000000000000095,0,1000177.2100000028,92595.15
1732674281513000,BTCUSDT,879806.0000000019,1.3000000000000094,0,1000199.1950000027,92610.15
1732674281513000,BTCUSDT,889069.0000000019,1.2000000000000093,0,1000254.3400000028,92654.45
1732674281513000,BTCUSDT,898333.0000000019,1.1000000000000092,0,1000252.8950000027,92654.45
1732674281513000,BTCUSDT,907598.0000000019,1.000000000000009,0,1000252.4500000027,92654.45
1732674281513000,BTCUSDT,916864.0000000019,0.9000000000000091,0,1000253.0050000027,92654.45
1732674281513000,BTCUSDT,926131.0000000019,0.8000000000000091,0,1000254.5600000027,92654.45
1732674281513000,BTCUSDT,935399.0000000019,0.7000000000000092,0,1000257.1150000027,92654.45
1732674281513000,BTCUSDT,944668.0000000019,0.6000000000000092,0,1000260.6700000027,92654.45
1732674281513000,BTCUSDT,953938.0000000019,0.5000000000000092,0,1000265.2250000027,92654.45
1732674282222000,BTCUSDT,963209.0000000019,0.40000000000000924,0,1000291.6600000027,92706.65
1732674282222000,BTCUSDT,972481.0000000019,0.30000000000000926,0,1000292.9950000027,92706.65
1732674282222000,BTCUSDT,981754.0000000019,0.20000000000000925,0,1000298.1000000028,92720.5
1732674282222000,BTCUSDT,991028.0000000019,0.10000000000000925,0,1000300.0500000027,92720.5
1732674282632000,BTCUSDT,1000303.0000000019,9.242606680004428e-15,0,1000303.0000000027,92774.65
